event_id,category,fracas_ticket,related_tickets,timestamp_utc,timestamp_clt,utc_offset_clt,timestamp_precision,timestamp_role,system,chiller,erroneous_setpoint_c,expected_setpoint_c,commanded_by,how_timestamp_found,ticket_created_utc,comment
1,erroneous,FRACAS-322,OBS-1394; OBS-1395; OBS-1396,2025-11-18T23:04:30.213Z,2025-11-18 20:04:30,UTC-3,millisecond,onset,cold glycol,Chiller 01 / Chiller 02,18.415 / 17.415,~8 (glycol was at ~8 C before),EAS,EFD HVAC.command_configChiller times quoted in a Slack thread; ticket gives only ~23:00 UTC. Chiller 02 command at 23:04:30.418Z.,2025-11-20T23:41:31Z,"After the OS/k8s update, EAS acted on non-physical ESS:112/113 readings (ESS:113 = 25 C at 23:05Z) and warmed the cold glycol; Cryo6 tripped at ~2025-11-19T00:34Z."
2,erroneous,FRACAS-322,OBS-1394,2025-11-18T23:08:11.682Z,2025-11-18 20:08:11,UTC-3,millisecond,repeat,cold glycol,Chiller 01 / Chiller 02,17.675 / 16.675,~8,EAS,"Same EFD command list; re-sent each minute at 23:09:12, 23:10:12, 23:11:12Z. End of the bad commands not stated.",2025-11-20T23:41:31Z,Query EFD lsst.sal.HVAC.command_configChiller 22:30-03:30Z to get the full sequence.
3,erroneous,FRACAS-322,,2025-11-19T02:51:39Z,2025-11-18 23:51:39,UTC-3,~minute (Slack post right after the action),manual_correction,cold glycol,Chiller 02,16,10 (set manually),operators,Slack post reporting the manual change of Chiller 02 from 16 to 10 C; follow-up post at 03:00:56Z confirms supply temperature dropping.,2025-11-20T23:41:31Z,End of the erroneous period; glycol fell from ~16.6 C (02:32Z) to ~8 C. Chiller 01 was also lowered.
4,related_hvac,FRACAS-322,,2025-11-19,,UTC-3,day-only (local morning; reported 18:55:47Z),onset,HVAC/AHU air (not glycol),AHU,15,"8 (requested), set to 10",EAS,Slack post (18:55:47Z) saying EAS set a high air set point that morning; day-only.,2025-11-20T23:41:31Z,"Same bad ESS data as FRACAS-322; air set point, include only if air set points are in scope."
5,erroneous,FRACAS-342,OBS-1486; epic FRACAS-430,2025-12-21T06:57:22Z,2025-12-21 03:57:22,UTC-3,second,onset,glycol / EGW loop,Glycol/EGW loop,-0.75 (rejected),near mirror temperature 7.29,EAS,OBS-1486 description gives EAS FAULT at 06:57:59 TAI; converted with TAI-UTC = 37 s.,2026-02-11T21:28:33Z,"Found via FRACAS-430 child FRACAS-342 (not in index.md list). The command was rejected, so it may never have reached the chiller."
6,erroneous_suspected,FRACAS-387,RSO-580,2026-05-15T20:54:05Z,2026-05-15 16:54:05,UTC-4,second for the trip; EAS set-point change day-only,trip_report,cold glycol,Chiller 02,unknown (low; below ~2 C suspected),>= ~2 C suggested,EAS,"First Slack report of the Chiller 2 fault; later faults at 21:05:08Z, 21:18:55Z, 21:45:43Z. FRACAS-387 and RSO-580 comments tie it to an EAS set-point change on 2026-05-15 without a time.",2026-05-16T13:03:16Z,Chiller 2 tripped near 100% output; evaporator flow sensor reads low below 2 C. Exact EAS command time should be taken from EFD logevent_chillerConfiguration. Ticket image plot not read.
7,erroneous,FRACAS-402,,2026-07-03,,UTC-4,day-only (before 17:47:49Z),onset,cold glycol,Chiller 02,+7,-3.7,Niagara default after power cut,Slack follow-up says Chiller 2 control failed at the first of three power cuts that day; that cut's time is not given.,2026-07-03T18:54:46Z,"Jira comment times are Slack-sync times (all ~18:55Z), not message times. Power-cut times should come from EFD/power logs."
8,erroneous,FRACAS-402,,2026-07-03T17:47:49Z,2026-07-03 13:47:49,UTC-4,upper bound (~minute),onset_upper_bound,cold glycol,Chiller 01,+2.6,-2.7,Niagara default after power cut,"Slack follow-up says Chiller 1 failed at the second or third power cut; a Slack post at 17:47:49Z reports the third cut, giving an upper bound.",2026-07-03T18:54:46Z,"Unconfirmed hints for earlier cuts: watcher bursts ~16:52Z, generator alerts ~16:55-17:05Z and ~17:50-18:05Z."
9,erroneous,FRACAS-402,,2026-07-03T18:00:24Z,2026-07-03 14:00:24,UTC-4,second,detection,cold glycol,Chiller 01 / Chiller 02,+2.6 / +7,-2.7 / -3.7,Niagara default after power cut,Time of the Slack thread start reporting Chiller 1 at +2.6 C and Chiller 2 at +7 C.,2026-07-03T18:54:46Z,"#envsys-worklog 18:21:13Z: 'EAS made a larger change than 5 deg ... coincided with the power cut' (Brian attributes it to Niagara, not EAS)."
10,erroneous,FRACAS-402,,2026-07-03T18:55:00Z,2026-07-03 14:55:00,UTC-4,second,manual_correction,cold glycol,Chiller 01 / Chiller 02,+2.6 / +7,-2.7 / -3.7 (restored),operator,Time of the Slack reply reporting the set points restored by hand.,2026-07-03T18:54:46Z,End of the July 3 erroneous period.
11,root_cause,FRACAS-402,,2026-07-03T19:37:26Z,2026-07-03 15:37:26,UTC-4,second,diagnosis,Niagara MQTT defaults,Chillers 01-04,Ch01 2.0 / Ch02 -3.7 / Ch03 -2.7 / Ch04 7.0,Ch01 -2.7 / Ch02 -3.7 / Ch03 2.0 / Ch04 7.0,Niagara configuration,Time of the Slack reply listing the Niagara MQTT default set points; a reply at 19:48:07Z confirms the defaults are swapped.,2026-07-03T18:54:46Z,Not an event; explains the resets (Chiller 01/03 Niagara defaults swapped; CSC-commanded values not stored in Niagara).
12,erroneous,FRACAS-402,,2026-07-12T11:30:00Z,2026-07-12 07:30:00,UTC-4,~hour,onset,cold glycol,Chiller 01,+6,"-2.7 (July 3 value, not stated)",Niagara default after power cut,Slack shift summary gives the power cut at ~07:30 local; a Slack post at 11:42:05Z confirms it.,2026-07-03T18:54:46Z,Power-cut time approximate.
13,erroneous,FRACAS-402,,2026-07-12T13:04:30Z,2026-07-12 09:04:30,UTC-4,second,detection,cold glycol,Chiller 01 / Chiller 02,+6 / -3.7,-2.7 / -3.7,Niagara default after power cut,FRACAS-402 Jira comment quoting a Slack report that Chiller 1 was at 6 C and Chiller 2 at -3.7 C after the power cut.,2026-07-03T18:54:46Z,"Chiller 2 stopped ~12:20Z after being reset to a bad Niagara default, cycled and faulted; recovered ~13:45Z."
14,related_trip,FRACAS-402,,2026-07-13T06:43:38Z,2026-07-13 02:43:38,UTC-4,second,trip_report,cold glycol,Chiller 02,not stated,,,FRACAS-402 Jira comment quoting a Slack report of Chiller 2 stopped; flow back at 07:00:19Z.,2026-07-03T18:54:46Z,Logged under FRACAS-402 but no set point mentioned; check EFD before treating as a set-point event.
15,intentional_not_erroneous,FRACAS-280,,2025-05-05T08:10:00Z,2025-05-05 04:10:00,UTC-4,~30 min window (08:10-08:49Z),operator_change,LSSTCam PCS/cryo fluid,PCS,,-50 -> -45 -> -43 (deliberate),camera team,"Ticket 'Description of Trouble' timeline (UTC), between the ~08:10 and 08:49 entries.",2025-05-09T21:13:41Z,"Mitigation, not an error."
16,intentional_not_erroneous,FRACAS-310,,2025-10-29T01:33:21Z,2025-10-28 22:33:21,UTC-3,second,possible_mismatch,Dynalene,Dynalene Chiller 02,-1 (questioned),2 (previous camera value on Chiller 02),,Slack post reporting Dynalene Chiller 02 at -1 C; a reply at 01:47:38Z notes the camera had used 2 C on Chiller 02.,2025-10-29T19:20:10Z,Possible mismatch after the emergency chiller switch; not stated as an error and not in the ticket text.
17,intentional_not_erroneous,FRACAS-321,,2025-11-20T19:25:39Z,2025-11-20 16:25:39,UTC-3,second,operator_change,LSSTCam PCS,PCS,,-45 then -50 at 20:19:29Z (deliberate),camera team,Slack post reporting the PCS set point changed to -45 C; changed back to -50 C at 20:19:29Z.,2025-11-20T21:11:48Z,Mitigation during Dynalene loss.
18,intentional_not_erroneous,FRACAS-321,,2025-11-21T14:38:55Z,2025-11-21 11:38:55,UTC-3,second,possible_mismatch,Dynalene,Dynalene Chiller 01 vs 02,~2.5 C offset between chillers,0,,Slack post noting a ~2.5 C set-point difference between chillers; a Dynalene alert at 14:44:05Z reports supply >4 C from set point.,2025-11-20T21:11:48Z,Set-point difference while switching back to Chiller 01; not declared an error.
19,non_fracas_context,,OBS-930,2025-04-30T19:46:42Z,2025-04-30 15:46:42,UTC-4,second (report time),detection,server-room glycol,Chiller 04,changed without authorisation,,unknown,Slack report time of an unauthorised Chiller 4 set-point change.,,Uncommanded set-point change; no FRACAS ticket.
20,non_fracas_context,,OBS-930,2025-05-08T00:36:53Z,2025-05-07 20:36:53,UTC-4,second (report time),detection,HVAC dome air,,12,8,unknown (EAS asked),Slack report time of the dome air set point found at 12 C instead of 8 C.,,"Air set point, not glycol; no FRACAS ticket."
